Senior Software Engineer - .NET,"AbleForce, Inc.","SAN DIEGO, CA"
Senior Server Software Engineer,CyberCoders,"San Diego, CA"
Software Engineering Intern,Cobham,"San Diego, CA"
Front-End Web Developer,Fusion Media,"Leucadia, CA"
Senior Software Developer,Corelation Inc,"San Diego, CA"
Java Architect / Java Engineer,Technical Staffing,"San Diego, CA"
Fullstack Developer,Ryzen Solutions,"San Diego, CA"
System Software DevOps Engineer,"Encore Semi, Inc.","San Diego, CA"
Entry Level Java Developer,Revature,"San Diego, CA"
DevOps Software Engineer  Direct Hire,Kelly,"San Diego, CA"
Network Security Engineer,Comcentric,
LIMS Developer / Administrator,Fortuna BMC,"San Diego, CA"
Statistical Programmer,Connexion Systems & Engineering,"San Diego, CA"
Staff Software Engineer,Randstad Technologies,"San Diego, CA"
C/C++ Software Engineer,Jobot,"San Diego, CA"
Cloud Engineer,Apex Systems,"San Diego, CA"
Software Engineer,CorTech LLC,"San Diego, CA"
Full Stack Developer,TEKsystems,"San Diego, CA"
"Lead/ Senior .Net Developer with CI/CD and WinForms - San Diego, CA",stellar consulting,"San Diego, CA"
Programmer Analyst,VSolvit LLC,"San Diego, CA"
Statistical Programmer/ Data Scientist,Select Source International Pvt Ltd,"San Diego, CA"
Embedded Software Engineer,Luxoft USA Inc,"San Diego, CA"
Software Verification and Validation Engineer,Randstad,"San Diego, CA"
Sr. Embedded Engineer - C/C++ & Linux,CyberCoders,"San Diego, CA"
Lead Full-Stack Developer - PHP,"AbleForce, Inc.","SAN DIEGO, CA"
Software Developer II,Corelation Inc,"San Diego, CA"
Entry Level Java Developer,Revature,"San Diego, CA"
Software OpenBMC Developer,"Encore Semi, Inc.","San Diego, CA"
Sr Staff Software Engineer,Randstad Technologies,"San Diego, CA"
Lead Software Engineer,Jobot,"San Diego, CA"
Cloud Developer,Apex Systems,"San Diego, CA"
Sr. Android Developer,CyberCoders,"San Diego, CA"
Java Developer - Entry Level,Revature,"San Diego, CA"
Platform Firmware Developer,"Encore Semi, Inc.","San Diego, CA"
Sr Software  Engineer,Randstad Technologies,"San Diego, CA"
Principal Full Stack Engineer (Java Remote),Jobot,"San Diego, CA"
Azure DevOps Engineer,"VIA Technical, LLC",
RPA Developer*,Apex Systems,"San Diego, CA"
Sr Algorithm Engineer (Deep Learning),CyberCoders,"San Diego, CA"
Java Developer - Entry Level,Revature,"San Diego, CA"
Sr Software Engineer,Randstad Technologies,"San Diego, CA"
Principal Full Stack Engineer (Java Remote),Jobot,"San Diego, CA"
System Software Quality Engineer,"Encore Semi, Inc.","San Diego, CA"
Lead/Senior Statistical Programmer,CyberCoders,"San Diego, CA"
Entry Level Software Developer,Revature,"San Diego, CA"
Full Stack Software Engineer,Randstad Technologies,"San Diego, CA"
"Principal, Full Stack Developer (PHP, Python",Jobot,"San Diego, CA"
Software Virtual Platform Design Engineer,"Encore Semi, Inc.","San Diego, CA"
Statistical Programmer,CyberCoders,"San Diego, CA"
Junior Software Developer,Revature,"San Diego, CA"
Full Stack Software Engineer II,Randstad Technologies,"San Diego, CA"
Sr. Software Developer,Jobot,"San Diego, CA"
Senior Android Engineer (REMOTE),CyberCoders,"San Diego, CA"
Junior CSS/HTML Developer,Revature,"San Diego, CA"
Full Stack Software Engineer,Randstad Technologies,"San Diego, CA"
Sr. Android Developer,Jobot,"San Diego, CA"
Senior/Lead Game Developer - Unity,CyberCoders,"San Diego, CA"
Entry Level Computer Programmer,Revature,"San Diego, CA"
Full Stack Software Engineer,Randstad Technologies,"San Diego, CA"
Senior Front End Engineer - SEO,Jobot,"San Diego, CA"
Senior Unity Developer,CyberCoders,"San Diego, CA"
Junior Full Stack Developer,Revature,"San Diego, CA"
Naval Architect II,"Gibbs & Cox is an independent engineering and design firm specializing in naval architecture, marine","Chesapeake, VA"
Software Engineer,Randstad Technologies,"San Diego, CA"
Senior iOS Engineer,Jobot,"San Diego, CA"
Junior CSS/HTML Developer,Revature,"San Diego, CA"
Software Engineer,Randstad Technologies,"San Diego, CA"
Senior Front End Software Engineer,Jobot,"San Diego, CA"
"Software Development Manager - .NET, C# - ONSITE in San Diego",CyberCoders,"San Diego, CA"
Cloud-based ERP Implementation Consultant,Skyriver IT,"SAN DIEGO, CA"
"FedRAMP DevOPS Engineer, Cloud Operations",Randstad Technologies,"San Diego, CA"
Senior Front End Software Engineer,Jobot,"San Diego, CA"
Scrum Master (TS/SCI with Poly Required),CyberCoders,"San Diego, CA"
.NET Engineer,Randstad Technologies,"San Diego, CA"
"IT Project Manager -Tableau, Azure, DevOps- ONSITE in San Diego",CyberCoders,"San Diego, CA"
Software Engineering Project Management,CorTech LLC,"San Diego, CA"
AWS/Big Data Engineer,Catapult Solutions Group,"San Diego, CA"
Software Test Engineer,Randstad Technologies,"San Diego, CA"
